"Region Code","Timestamp (Hour Ending)","Wind Generation (MWh)","Solar Generation (MWh)","Hydro Generation (MWh)","Other Generation (MWh)","Petroleum Generation (MWh)","Natural gas Generation (MWh)","Coal Generation (MWh)","Nuclear Generation (MWh)"
NE,"5/1/2020 12 a.m. EDT",875,0,974,622,0,3214,0,2440
NE,"5/1/2020 1 a.m. EDT",859,0,971,648,0,2251,0,2479
NE,"5/1/2020 2 a.m. EDT",858,0,964,633,0,2052,0,2475
NE,"5/1/2020 3 a.m. EDT",872,0,959,631,0,2077,0,2472
NE,"5/1/2020 4 a.m. EDT",894,0,946,633,0,1974,0,2478
NE,"5/1/2020 5 a.m. EDT",863,0,955,632,0,2255,0,2490
NE,"5/1/2020 6 a.m. EDT",848,0,975,635,0,2251,0,2473
NE,"5/1/2020 7 a.m. EDT",840,1,1085,631,0,2793,0,2502
NE,"5/1/2020 8 a.m. EDT",754,4,1285,638,0,3740,0,2516
NE,"5/1/2020 9 a.m. EDT",735,15,1396,637,14,4469,0,2492
NE,"5/1/2020 10 a.m. EDT",692,31,1554,627,4,4346,0,2464
NE,"5/1/2020 11 a.m. EDT",646,39,1475,641,0,4776,0,2488
NE,"5/1/2020 12 p.m. EDT",588,63,1409,646,15,5133,2,2475
NE,"5/1/2020 1 p.m. EDT",505,83,1358,643,12,4931,8,2446
NE,"5/1/2020 2 p.m. EDT",411,107,1143,641,0,4687,11,2453
NE,"5/1/2020 3 p.m. EDT",368,103,995,632,0,4571,4,2455
NE,"5/1/2020 4 p.m. EDT",350,79,990,635,0,4183,6,2461
NE,"5/1/2020 5 p.m. EDT",364,70,1032,627,0,3964,3,2479
NE,"5/1/2020 6 p.m. EDT",372,49,1232,628,0,4181,2,2515
NE,"5/1/2020 7 p.m. EDT",324,20,1286,620,0,4391,1,2484
NE,"5/1/2020 8 p.m. EDT",269,4,1289,615,0,4559,1,2473
NE,"5/1/2020 9 p.m. EDT",306,0,1441,626,0,4384,0,2468
NE,"5/1/2020 10 p.m. EDT",454,0,1336,620,0,3786,1,2459
NE,"5/1/2020 11 p.m. EDT",635,0,1067,616,0,3142,0,2452
NE,"5/2/2020 12 a.m. EDT",758,0,956,606,0,2679,0,2466
NE,"5/2/2020 1 a.m. EDT",834,0,930,602,0,2346,0,2464
NE,"5/2/2020 2 a.m. EDT",968,0,984,613,0,2030,0,2470
NE,"5/2/2020 3 a.m. EDT",1011,0,972,611,0,1768,0,2465
NE,"5/2/2020 4 a.m. EDT",1074,0,960,616,0,1502,0,2471
NE,"5/2/2020 5 a.m. EDT",1034,0,941,623,0,1547,0,2476
NE,"5/2/2020 6 a.m. EDT",962,0,970,624,0,1792,0,2479
NE,"5/2/2020 7 a.m. EDT",902,7,1016,631,0,1852,0,2476
NE,"5/2/2020 8 a.m. EDT",936,47,1118,647,3,1875,0,2495
NE,"5/2/2020 9 a.m. EDT",978,120,1127,656,20,1951,0,2560
NE,"5/2/2020 10 a.m. EDT",974,169,1032,626,0,1702,0,2474
NE,"5/2/2020 11 a.m. EDT",1016,189,1045,634,0,1596,0,2482
NE,"5/2/2020 12 p.m. EDT",988,195,1048,632,0,1931,0,2493
NE,"5/2/2020 1 p.m. EDT",953,197,1089,629,0,2086,0,2497
NE,"5/2/2020 2 p.m. EDT",906,193,1077,623,0,1958,0,2468
NE,"5/2/2020 3 p.m. EDT",893,191,1068,618,0,1719,0,2456
NE,"5/2/2020 4 p.m. EDT",883,172,1043,635,0,1890,0,2490
NE,"5/2/2020 5 p.m. EDT",833,109,1137,636,0,2465,0,2484
NE,"5/2/2020 6 p.m. EDT",763,58,1403,632,0,3025,0,2481
NE,"5/2/2020 7 p.m. EDT",643,23,1854,641,0,3418,0,2490
NE,"5/2/2020 8 p.m. EDT",444,6,1906,645,0,3630,0,2465
NE,"5/2/2020 9 p.m. EDT",336,0,2225,654,0,3612,0,2464
NE,"5/2/2020 10 p.m. EDT",267,0,1801,644,0,3236,0,2442
NE,"5/2/2020 11 p.m. EDT",230,0,1526,641,0,2831,0,2458
NE,"5/3/2020 12 a.m. EDT",194,0,1342,633,0,2149,0,2431
NE,"5/3/2020 1 a.m. EDT",198,0,1077,642,0,1759,0,2475
NE,"5/3/2020 2 a.m. EDT",156,0,1069,640,0,2004,0,2479
NE,"5/3/2020 3 a.m. EDT",129,0,1072,644,0,1966,0,2482
NE,"5/3/2020 4 a.m. EDT",146,0,1062,634,0,1739,0,2461
NE,"5/3/2020 5 a.m. EDT",166,0,1066,647,0,1996,0,2484
NE,"5/3/2020 6 a.m. EDT",221,0,1057,640,0,2039,0,2461
NE,"5/3/2020 7 a.m. EDT",356,5,1063,641,0,1665,0,2461
NE,"5/3/2020 8 a.m. EDT",397,31,1143,644,0,1930,0,2503
NE,"5/3/2020 9 a.m. EDT",357,73,1198,644,0,2289,0,2493
NE,"5/3/2020 10 a.m. EDT",268,134,1243,631,0,2119,0,2460
NE,"5/3/2020 11 a.m. EDT",242,171,1248,630,0,1916,0,2458
NE,"5/3/2020 12 p.m. EDT",277,192,1140,618,0,1936,0,2470
NE,"5/3/2020 1 p.m. EDT",334,206,1118,601,0,1993,0,2460
NE,"5/3/2020 2 p.m. EDT",412,201,1165,623,0,2068,0,2498
NE,"5/3/2020 3 p.m. EDT",492,193,1162,631,0,2114,0,2471
NE,"5/3/2020 4 p.m. EDT",544,192,1168,638,0,2137,0,2490
NE,"5/3/2020 5 p.m. EDT",533,147,1156,618,0,2310,0,2466
NE,"5/3/2020 6 p.m. EDT",480,92,1520,618,0,2782,0,2503
NE,"5/3/2020 7 p.m. EDT",367,36,2028,632,0,3374,0,2509
NE,"5/3/2020 8 p.m. EDT",311,5,2022,640,1,3647,0,2472
NE,"5/3/2020 9 p.m. EDT",275,0,2107,652,0,3733,0,2471
NE,"5/3/2020 10 p.m. EDT",311,0,1781,644,0,3370,0,2444
NE,"5/3/2020 11 p.m. EDT",352,0,1525,631,0,2736,0,2416
NE,"5/4/2020 12 a.m. EDT",375,0,1369,624,0,2134,0,2432
NE,"5/4/2020 1 a.m. EDT",416,0,1018,595,0,1966,0,2479
NE,"5/4/2020 2 a.m. EDT",394,0,1016,574,0,2033,0,2463
NE,"5/4/2020 3 a.m. EDT",383,0,1049,571,0,2032,0,2473
NE,"5/4/2020 4 a.m. EDT",398,0,1066,581,0,2186,0,2503
NE,"5/4/2020 5 a.m. EDT",302,0,1061,592,0,2492,0,2497
NE,"5/4/2020 6 a.m. EDT",258,0,1011,581,0,2693,0,2473
NE,"5/4/2020 7 a.m. EDT",299,7,1114,583,0,3042,0,2503
NE,"5/4/2020 8 a.m. EDT",352,38,1276,583,0,3316,0,2496
NE,"5/4/2020 9 a.m. EDT",425,115,1295,585,0,3298,0,2476
NE,"5/4/2020 10 a.m. EDT",478,172,1256,586,0,3223,0,2475
NE,"5/4/2020 11 a.m. EDT",493,192,1193,589,0,3105,0,2465
NE,"5/4/2020 12 p.m. EDT",480,200,1163,601,0,3417,0,2486
NE,"5/4/2020 1 p.m. EDT",487,161,1271,608,0,3979,0,2485
NE,"5/4/2020 2 p.m. EDT",510,112,1340,595,0,4103,0,2458
NE,"5/4/2020 3 p.m. EDT",609,94,1206,600,0,3837,0,2471
NE,"5/4/2020 4 p.m. EDT",616,94,1128,595,0,3797,0,2478
NE,"5/4/2020 5 p.m. EDT",703,79,1230,601,0,3787,0,2486
NE,"5/4/2020 6 p.m. EDT",811,48,1341,596,0,3961,0,2492
NE,"5/4/2020 7 p.m. EDT",885,24,1541,591,0,4194,0,2491
NE,"5/4/2020 8 p.m. EDT",936,6,1696,609,0,4192,1,2524
NE,"5/4/2020 9 p.m. EDT",912,0,1608,594,0,4015,2,2464
NE,"5/4/2020 10 p.m. EDT",899,0,1392,597,0,3754,0,2465
NE,"5/4/2020 11 p.m. EDT",867,0,1193,590,0,3203,0,2434
NE,"5/5/2020 12 a.m. EDT",927,0,1071,596,0,2651,0,2475
NE,"5/5/2020 1 a.m. EDT",918,0,999,611,0,2221,0,2466
NE,"5/5/2020 2 a.m. EDT",889,0,978,592,0,2016,0,2444
NE,"5/5/2020 3 a.m. EDT",908,0,1036,611,0,1873,0,2497
NE,"5/5/2020 4 a.m. EDT",943,0,1039,609,0,1965,0,2488
NE,"5/5/2020 5 a.m. EDT",938,0,1045,601,0,2075,0,2499
NE,"5/5/2020 6 a.m. EDT",905,0,1012,595,0,2607,0,2496
NE,"5/5/2020 7 a.m. EDT",855,9,1148,593,0,2994,0,2515
NE,"5/5/2020 8 a.m. EDT",823,54,1320,587,0,3449,1,2484
NE,"5/5/2020 9 a.m. EDT",797,130,1290,586,1,3244,1,2462
NE,"5/5/2020 10 a.m. EDT",757,182,1111,595,20,3118,1,2479
NE,"5/5/2020 11 a.m. EDT",705,208,1090,596,23,2833,0,2478
NE,"5/5/2020 12 p.m. EDT",696,212,1095,592,20,2835,0,2471
NE,"5/5/2020 1 p.m. EDT",713,215,1079,597,12,2919,0,2480
NE,"5/5/2020 2 p.m. EDT",677,212,1055,598,0,2964,0,2468
NE,"5/5/2020 3 p.m. EDT",660,204,1044,600,0,3072,0,2475
NE,"5/5/2020 4 p.m. EDT",631,196,1073,609,0,2992,0,2486
NE,"5/5/2020 5 p.m. EDT",595,153,1070,634,0,3517,0,2487
NE,"5/5/2020 6 p.m. EDT",574,90,1253,636,0,3804,0,2481
NE,"5/5/2020 7 p.m. EDT",541,33,1575,629,0,4125,0,2479
NE,"5/5/2020 8 p.m. EDT",417,5,1724,625,0,4236,0,2478
NE,"5/5/2020 9 p.m. EDT",398,0,1882,623,30,4264,0,2473
NE,"5/5/2020 10 p.m. EDT",352,0,1646,623,25,4187,0,2465
NE,"5/5/2020 11 p.m. EDT",275,0,1491,619,7,3571,0,2462
NE,"5/6/2020 12 a.m. EDT",209,0,1294,620,0,3139,0,2436
NE,"5/6/2020 1 a.m. EDT",171,0,981,621,0,2509,0,2433
NE,"5/6/2020 2 a.m. EDT",178,0,990,625,0,2474,0,2479
NE,"5/6/2020 3 a.m. EDT",204,0,990,622,0,2432,0,2473
NE,"5/6/2020 4 a.m. EDT",277,0,941,608,0,2347,0,2474
NE,"5/6/2020 5 a.m. EDT",337,0,945,610,0,2581,0,2513
NE,"5/6/2020 6 a.m. EDT",330,1,1037,611,0,2716,0,2485
NE,"5/6/2020 7 a.m. EDT",307,13,1262,612,0,3296,0,2502
NE,"5/6/2020 8 a.m. EDT",212,52,1303,603,0,3667,0,2485
NE,"5/6/2020 9 a.m. EDT",138,93,1315,610,2,3839,2,2475
NE,"5/6/2020 10 a.m. EDT",117,129,1171,603,69,3715,8,2464
NE,"5/6/2020 11 a.m. EDT",121,123,1297,605,64,3753,3,2485
NE,"5/6/2020 12 p.m. EDT",149,170,1306,600,24,3884,0,2473
NE,"5/6/2020 1 p.m. EDT",131,179,1051,598,11,3928,7,2474
NE,"5/6/2020 2 p.m. EDT",100,141,991,597,10,4214,5,2484
NE,"5/6/2020 3 p.m. EDT",101,107,1003,594,47,4202,4,2474
NE,"5/6/2020 4 p.m. EDT",77,80,1067,598,18,4272,0,2488
NE,"5/6/2020 5 p.m. EDT",67,45,1314,620,44,4251,0,2481
NE,"5/6/2020 6 p.m. EDT",94,19,1510,623,6,4791,0,2482
NE,"5/6/2020 7 p.m. EDT",74,9,1636,616,0,4867,0,2473
NE,"5/6/2020 8 p.m. EDT",75,2,1803,628,0,4677,0,2477
NE,"5/6/2020 9 p.m. EDT",104,0,1807,638,41,4503,0,2472
NE,"5/6/2020 10 p.m. EDT",191,0,1462,637,0,4164,0,2467
NE,"5/6/2020 11 p.m. EDT",254,0,1197,632,0,3781,0,2464
NE,"5/7/2020 12 a.m. EDT",235,0,1066,637,0,3370,0,2474
NE,"5/7/2020 1 a.m. EDT",236,0,958,616,0,2638,0,2462
NE,"5/7/2020 2 a.m. EDT",262,0,939,609,0,2519,0,2480
NE,"5/7/2020 3 a.m. EDT",276,0,931,603,0,2400,0,2472
NE,"5/7/2020 4 a.m. EDT",267,0,933,610,0,2404,0,2486
NE,"5/7/2020 5 a.m. EDT",195,0,922,619,0,2827,0,2486
NE,"5/7/2020 6 a.m. EDT",181,0,941,618,0,3192,0,2482
NE,"5/7/2020 7 a.m. EDT",154,10,1078,624,0,3628,0,2496
NE,"5/7/2020 8 a.m. EDT",114,45,1354,617,0,3821,0,2475
NE,"5/7/2020 9 a.m. EDT",92,118,1358,597,0,3715,0,2466
NE,"5/7/2020 10 a.m. EDT",133,180,1202,603,0,3284,0,2455
NE,"5/7/2020 11 a.m. EDT",158,190,1118,616,0,3405,0,2491
NE,"5/7/2020 12 p.m. EDT",213,185,1030,624,0,3715,3,2505
NE,"5/7/2020 1 p.m. EDT",268,152,990,605,4,3887,1,2467
NE,"5/7/2020 2 p.m. EDT",312,142,993,613,31,3415,7,2479
NE,"5/7/2020 3 p.m. EDT",309,153,997,612,32,3198,3,2481
NE,"5/7/2020 4 p.m. EDT",293,150,1001,604,5,3357,1,2471
NE,"5/7/2020 5 p.m. EDT",278,122,990,613,41,3470,0,2475
NE,"5/7/2020 6 p.m. EDT",234,85,1212,573,0,4059,0,2508
NE,"5/7/2020 7 p.m. EDT",199,29,1368,564,0,4547,0,2480
NE,"5/7/2020 8 p.m. EDT",172,4,1494,550,0,4681,0,2478
NE,"5/7/2020 9 p.m. EDT",190,0,1761,567,0,4572,0,2467
NE,"5/7/2020 10 p.m. EDT",257,0,1407,584,0,4209,0,2463
NE,"5/7/2020 11 p.m. EDT",303,0,1027,578,0,3842,1,2463
NE,"5/8/2020 12 a.m. EDT",368,0,901,584,0,3290,2,2469
NE,"5/8/2020 1 a.m. EDT",490,0,931,585,0,2803,2,2465
NE,"5/8/2020 2 a.m. EDT",599,0,937,594,0,2417,1,2469
NE,"5/8/2020 3 a.m. EDT",672,0,869,584,0,2592,3,2464
NE,"5/8/2020 4 a.m. EDT",758,0,863,575,0,2408,1,2470
NE,"5/8/2020 5 a.m. EDT",809,0,869,581,0,2457,1,2488
NE,"5/8/2020 6 a.m. EDT",778,0,892,570,0,2798,2,2477
NE,"5/8/2020 7 a.m. EDT",753,11,940,573,0,3113,0,2482
NE,"5/8/2020 8 a.m. EDT",699,56,1080,560,0,3192,2,2488
NE,"5/8/2020 9 a.m. EDT",726,120,1097,583,0,3477,3,2476
NE,"5/8/2020 10 a.m. EDT",718,146,1097,592,31,3303,1,2471
NE,"5/8/2020 11 a.m. EDT",782,134,1089,593,50,3258,2,2474
NE,"5/8/2020 12 p.m. EDT",751,174,1006,576,6,2908,2,2450
NE,"5/8/2020 1 p.m. EDT",746,170,1041,590,0,3146,5,2438
NE,"5/8/2020 2 p.m. EDT",726,109,1086,596,3,3922,1,2432
NE,"5/8/2020 3 p.m. EDT",689,75,1420,578,1,4078,0,2406
NE,"5/8/2020 4 p.m. EDT",653,55,1143,586,0,3821,0,2447
NE,"5/8/2020 5 p.m. EDT",564,41,1176,587,0,3820,0,2464
NE,"5/8/2020 6 p.m. EDT",427,27,1663,602,0,4077,1,2487
NE,"5/8/2020 7 p.m. EDT",291,10,1677,600,0,4379,0,2472
NE,"5/8/2020 8 p.m. EDT",230,1,1848,591,0,4208,0,2469
NE,"5/8/2020 9 p.m. EDT",201,0,1819,594,0,4110,0,2476
NE,"5/8/2020 10 p.m. EDT",165,0,1606,589,0,3886,0,2461
NE,"5/8/2020 11 p.m. EDT",184,0,1252,586,0,3291,0,2453
NE,"5/9/2020 12 a.m. EDT",179,0,1005,600,0,3173,0,2467
NE,"5/9/2020 1 a.m. EDT",195,0,884,602,0,2889,0,2472
NE,"5/9/2020 2 a.m. EDT",235,0,876,600,0,2701,0,2474
NE,"5/9/2020 3 a.m. EDT",326,0,874,600,0,2641,0,2479
NE,"5/9/2020 4 a.m. EDT",431,0,881,602,0,2577,0,2480
NE,"5/9/2020 5 a.m. EDT",512,0,918,592,0,2737,0,2486
NE,"5/9/2020 6 a.m. EDT",569,0,1095,594,0,2514,0,2477
NE,"5/9/2020 7 a.m. EDT",667,8,1239,601,0,2527,0,2499
NE,"5/9/2020 8 a.m. EDT",786,26,1449,613,0,2977,0,2522
NE,"5/9/2020 9 a.m. EDT",945,67,1286,593,0,3043,0,2466
NE,"5/9/2020 10 a.m. EDT",1053,103,970,590,0,3219,0,2473
NE,"5/9/2020 11 a.m. EDT",1122,152,944,589,0,2808,2,2469
NE,"5/9/2020 12 p.m. EDT",1146,161,948,588,0,2854,6,2487
NE,"5/9/2020 1 p.m. EDT",1141,163,969,586,0,3093,7,2487
NE,"5/9/2020 2 p.m. EDT",1139,163,967,585,0,3086,7,2481
NE,"5/9/2020 3 p.m. EDT",1107,158,940,569,0,3000,7,2412
NE,"5/9/2020 4 p.m. EDT",1106,141,907,569,0,2724,4,2414
NE,"5/9/2020 5 p.m. EDT",1146,112,925,584,0,3041,1,2490
NE,"5/9/2020 6 p.m. EDT",1125,83,1195,565,0,3344,3,2483
NE,"5/9/2020 7 p.m. EDT",1113,31,1392,560,0,3644,2,2486
NE,"5/9/2020 8 p.m. EDT",1115,6,1643,581,0,3738,1,2485
NE,"5/9/2020 9 p.m. EDT",1108,0,1779,583,0,3741,0,2471
NE,"5/9/2020 10 p.m. EDT",1099,0,1517,594,0,3704,0,2461
NE,"5/9/2020 11 p.m. EDT",1063,0,1067,589,0,3484,0,2444
NE,"5/10/2020 12 a.m. EDT",1099,0,907,596,0,3100,0,2459
NE,"5/10/2020 1 a.m. EDT",1112,0,904,601,0,2613,0,2481
NE,"5/10/2020 2 a.m. EDT",1106,0,904,627,0,2763,0,2488
NE,"5/10/2020 3 a.m. EDT",1067,0,853,624,0,2713,0,2470
NE,"5/10/2020 4 a.m. EDT",1089,0,841,626,0,2551,0,2466
NE,"5/10/2020 5 a.m. EDT",1076,0,837,625,0,2445,1,2473
NE,"5/10/2020 6 a.m. EDT",1045,0,841,626,0,2496,0,2469
NE,"5/10/2020 7 a.m. EDT",1033,9,926,630,0,2717,4,2482
NE,"5/10/2020 8 a.m. EDT",1005,46,938,625,0,2705,2,2470
NE,"5/10/2020 9 a.m. EDT",1030,114,1094,622,0,2429,0,2462
NE,"5/10/2020 10 a.m. EDT",1063,161,1134,629,0,2237,1,2483
NE,"5/10/2020 11 a.m. EDT",1059,142,1064,639,0,2224,1,2484
NE,"5/10/2020 12 p.m. EDT",1047,153,960,630,0,2409,0,2478
NE,"5/10/2020 1 p.m. EDT",1047,145,961,624,0,2368,0,2467
NE,"5/10/2020 2 p.m. EDT",990,180,915,623,0,1946,2,2451
NE,"5/10/2020 3 p.m. EDT",1032,167,894,608,0,2021,1,2460
NE,"5/10/2020 4 p.m. EDT",1079,158,884,631,0,2258,3,2548
NE,"5/10/2020 5 p.m. EDT",1045,116,942,615,0,2358,0,2467
NE,"5/10/2020 6 p.m. EDT",1031,74,1162,613,0,2431,0,2485
NE,"5/10/2020 7 p.m. EDT",1002,28,1318,633,0,2839,1,2503
NE,"5/10/2020 8 p.m. EDT",911,5,1399,626,0,3285,1,2480
NE,"5/10/2020 9 p.m. EDT",803,0,1475,600,22,3264,0,2460
NE,"5/10/2020 10 p.m. EDT",799,0,1210,594,0,3097,0,2431
NE,"5/10/2020 11 p.m. EDT",832,0,971,595,0,2749,1,2450
NE,"5/11/2020 12 a.m. EDT",789,0,878,593,0,2389,0,2447
NE,"5/11/2020 1 a.m. EDT",685,0,821,593,0,1966,0,2447
NE,"5/11/2020 2 a.m. EDT",720,0,820,602,1,1951,0,2461
NE,"5/11/2020 3 a.m. EDT",722,0,825,606,7,1723,2,2479
NE,"5/11/2020 4 a.m. EDT",654,0,835,613,7,2076,0,2499
NE,"5/11/2020 5 a.m. EDT",630,0,833,612,8,2017,1,2489
NE,"5/11/2020 6 a.m. EDT",593,0,965,613,8,2126,1,2500
NE,"5/11/2020 7 a.m. EDT",479,14,1360,622,8,2945,2,2494
NE,"5/11/2020 8 a.m. EDT",320,54,1233,611,7,3210,2,2484
NE,"5/11/2020 9 a.m. EDT",250,121,1252,608,17,3501,1,2473
NE,"5/11/2020 10 a.m. EDT",177,164,986,613,9,3474,0,2478
NE,"5/11/2020 11 a.m. EDT",164,121,1078,604,0,3836,3,2493
NE,"5/11/2020 12 p.m. EDT",147,67,1350,601,0,4052,4,2477
NE,"5/11/2020 1 p.m. EDT",134,60,1643,607,0,4177,4,2475
NE,"5/11/2020 2 p.m. EDT",141,76,1476,598,0,4002,4,2473
NE,"5/11/2020 3 p.m. EDT",208,78,1243,602,0,3714,6,2464
NE,"5/11/2020 4 p.m. EDT",259,83,1172,602,0,3584,8,2482
NE,"5/11/2020 5 p.m. EDT",300,92,1146,607,0,3914,6,2479
NE,"5/11/2020 6 p.m. EDT",301,35,1537,589,0,4092,4,2488
NE,"5/11/2020 7 p.m. EDT",363,22,1715,589,0,4087,0,2480
NE,"5/11/2020 8 p.m. EDT",355,5,1804,588,0,4124,0,2477
NE,"5/11/2020 9 p.m. EDT",359,0,1599,581,0,4076,0,2462
NE,"5/11/2020 10 p.m. EDT",418,0,1194,584,0,3753,0,2460
NE,"5/11/2020 11 p.m. EDT",447,0,1030,590,0,3368,0,2465
NE,"5/12/2020 12 a.m. EDT",424,0,912,599,0,2993,0,2478
NE,"5/12/2020 1 a.m. EDT",511,0,847,590,0,2523,0,2455
NE,"5/12/2020 2 a.m. EDT",531,0,848,589,0,2614,0,2478
NE,"5/12/2020 3 a.m. EDT",580,0,834,587,0,2129,0,2462
NE,"5/12/2020 4 a.m. EDT",635,0,838,581,0,1838,0,2473
NE,"5/12/2020 5 a.m. EDT",662,0,852,586,0,2027,0,2502
NE,"5/12/2020 6 a.m. EDT",669,1,982,604,0,2769,0,2513
NE,"5/12/2020 7 a.m. EDT",602,12,1349,599,0,2780,0,2477
NE,"5/12/2020 8 a.m. EDT",597,58,1244,599,0,3022,0,2481
NE,"5/12/2020 9 a.m. EDT",709,125,1299,599,0,2860,0,2478
NE,"5/12/2020 10 a.m. EDT",806,170,977,606,0,2812,0,2480
NE,"5/12/2020 11 a.m. EDT",836,174,1012,593,0,2731,0,2480
NE,"5/12/2020 12 p.m. EDT",874,164,982,586,0,2701,0,2497
NE,"5/12/2020 1 p.m. EDT",876,178,959,572,0,2619,0,2475
NE,"5/12/2020 2 p.m. EDT",887,182,889,549,33,2320,0,2452
NE,"5/12/2020 3 p.m. EDT",923,189,926,571,34,2415,0,2553
NE,"5/12/2020 4 p.m. EDT",924,185,910,565,18,2408,0,2495
NE,"5/12/2020 5 p.m. EDT",955,146,945,584,1,2826,0,2494
NE,"5/12/2020 6 p.m. EDT",936,96,1258,586,0,3319,0,2499
NE,"5/12/2020 7 p.m. EDT",890,35,1453,583,0,3534,0,2482
NE,"5/12/2020 8 p.m. EDT",773,6,1484,577,0,3643,0,2485
NE,"5/12/2020 9 p.m. EDT",775,0,1552,583,0,3706,0,2490
NE,"5/12/2020 10 p.m. EDT",630,0,1508,606,0,3588,0,2452
NE,"5/12/2020 11 p.m. EDT",572,0,1176,584,0,2942,0,2445
NE,"5/13/2020 12 a.m. EDT",640,0,986,568,0,2904,0,2474
NE,"5/13/2020 1 a.m. EDT",664,0,948,582,0,2361,0,2478
NE,"5/13/2020 2 a.m. EDT",701,0,947,566,0,2236,1,2479
NE,"5/13/2020 3 a.m. EDT",782,0,942,559,0,1978,0,2471
NE,"5/13/2020 4 a.m. EDT",841,0,963,559,0,1881,1,2487
NE,"5/13/2020 5 a.m. EDT",911,0,1055,544,0,2032,1,2505
NE,"5/13/2020 6 a.m. EDT",923,1,1220,522,0,2407,2,2493
NE,"5/13/2020 7 a.m. EDT",934,12,1387,521,0,2474,0,2495
NE,"5/13/2020 8 a.m. EDT",949,59,1459,502,0,2831,1,2498
NE,"5/13/2020 9 a.m. EDT",946,133,1439,485,0,2679,1,2473
NE,"5/13/2020 10 a.m. EDT",950,185,1282,485,0,2437,0,2471
NE,"5/13/2020 11 a.m. EDT",959,203,1089,477,5,2503,0,2477
NE,"5/13/2020 12 p.m. EDT",989,203,1019,482,26,2460,0,2481
NE,"5/13/2020 1 p.m. EDT",968,208,1009,471,37,2511,2,2478
NE,"5/13/2020 2 p.m. EDT",1002,207,964,470,0,2476,0,2474
NE,"5/13/2020 3 p.m. EDT",1015,195,951,477,0,2193,0,2474
NE,"5/13/2020 4 p.m. EDT",1065,183,968,481,0,2365,0,2489
NE,"5/13/2020 5 p.m. EDT",1070,149,1246,482,0,2517,0,2474
NE,"5/13/2020 6 p.m. EDT",1078,91,1409,490,0,2850,0,2484
NE,"5/13/2020 7 p.m. EDT",1068,34,1685,489,1,3023,4,2482
NE,"5/13/2020 8 p.m. EDT",1027,6,1675,473,0,3098,8,2457
NE,"5/13/2020 9 p.m. EDT",892,1,1752,481,0,3139,7,2467
NE,"5/13/2020 10 p.m. EDT",907,1,1627,474,0,2966,2,2458
NE,"5/13/2020 11 p.m. EDT",961,1,1378,474,0,2635,0,2452
NE,"5/14/2020 12 a.m. EDT",938,1,1103,489,0,2381,0,2460
NE,"5/14/2020 1 a.m. EDT",912,1,1060,483,0,1856,0,2460
NE,"5/14/2020 2 a.m. EDT",893,0,1070,485,0,1705,0,2467
NE,"5/14/2020 3 a.m. EDT",852,0,1065,499,0,1577,0,2466
NE,"5/14/2020 4 a.m. EDT",807,0,1012,527,0,1717,0,2473
NE,"5/14/2020 5 a.m. EDT",731,0,1008,538,0,1897,0,2471
NE,"5/14/2020 6 a.m. EDT",750,1,1176,533,0,2111,0,2490
NE,"5/14/2020 7 a.m. EDT",700,11,1249,528,0,2456,0,2481
NE,"5/14/2020 8 a.m. EDT",603,53,1508,528,0,2520,0,2480
NE,"5/14/2020 9 a.m. EDT",659,116,1572,530,0,2479,0,2475
NE,"5/14/2020 10 a.m. EDT",680,165,1363,535,0,2460,3,2464
NE,"5/14/2020 11 a.m. EDT",688,186,1180,537,0,2547,0,2479
NE,"5/14/2020 12 p.m. EDT",557,191,1191,539,0,2681,0,2465
NE,"5/14/2020 1 p.m. EDT",450,185,1095,518,0,2295,0,2387
NE,"5/14/2020 2 p.m. EDT",515,193,1091,539,0,2220,0,2470
NE,"5/14/2020 3 p.m. EDT",579,187,1127,543,1,2186,1,2478
NE,"5/14/2020 4 p.m. EDT",567,171,1089,538,1,2613,0,2487
NE,"5/14/2020 5 p.m. EDT",575,145,1128,541,0,2763,0,2494
NE,"5/14/2020 6 p.m. EDT",524,85,1372,554,0,3391,0,2504
NE,"5/14/2020 7 p.m. EDT",415,27,1761,545,0,3524,0,2471
NE,"5/14/2020 8 p.m. EDT",271,5,1862,541,0,3697,0,2484
NE,"5/14/2020 9 p.m. EDT",164,0,2023,524,0,3913,0,2466
NE,"5/14/2020 10 p.m. EDT",95,0,1747,538,0,3679,0,2444
NE,"5/14/2020 11 p.m. EDT",93,0,1373,527,0,3154,0,2435
NE,"5/15/2020 12 a.m. EDT",91,0,1108,545,0,2793,0,2461
NE,"5/15/2020 1 a.m. EDT",99,0,928,536,0,2405,0,2443
NE,"5/15/2020 2 a.m. EDT",92,0,924,541,0,2471,0,2460
NE,"5/15/2020 3 a.m. EDT",85,0,921,531,0,2323,0,2453
NE,"5/15/2020 4 a.m. EDT",92,0,923,534,0,2183,0,2467
NE,"5/15/2020 5 a.m. EDT",98,0,924,538,0,2213,0,2482
NE,"5/15/2020 6 a.m. EDT",124,0,971,547,0,2511,0,2489
NE,"5/15/2020 7 a.m. EDT",159,6,1151,547,0,2628,1,2493
NE,"5/15/2020 8 a.m. EDT",209,21,1169,546,0,3242,0,2497
NE,"5/15/2020 9 a.m. EDT",203,50,1222,534,14,3761,0,2486
NE,"5/15/2020 10 a.m. EDT",169,86,1184,532,0,3439,0,2453
NE,"5/15/2020 11 a.m. EDT",157,130,1100,549,5,3313,0,2477
NE,"5/15/2020 12 p.m. EDT",138,156,1029,546,13,3439,0,2480
NE,"5/15/2020 1 p.m. EDT",107,173,1039,547,0,4005,0,2496
NE,"5/15/2020 2 p.m. EDT",105,165,1159,553,0,4075,0,2479
NE,"5/15/2020 3 p.m. EDT",114,157,1288,546,0,3971,0,2476
NE,"5/15/2020 4 p.m. EDT",152,125,1296,539,0,4220,0,2484
NE,"5/15/2020 5 p.m. EDT",211,89,1365,538,33,4421,0,2484
NE,"5/15/2020 6 p.m. EDT",366,69,1411,542,23,4365,0,2474
NE,"5/15/2020 7 p.m. EDT",452,30,1461,544,4,4488,0,2481
NE,"5/15/2020 8 p.m. EDT",358,7,1582,536,0,4739,0,2471
NE,"5/15/2020 9 p.m. EDT",342,0,1569,536,0,4763,0,2466
NE,"5/15/2020 10 p.m. EDT",430,0,1357,542,0,4018,0,2433
NE,"5/15/2020 11 p.m. EDT",481,0,1193,544,0,3629,0,2459
NE,"5/16/2020 12 a.m. EDT",404,0,1105,559,0,3457,0,2468
NE,"5/16/2020 1 a.m. EDT",370,0,1214,559,0,2685,0,2451
NE,"5/16/2020 2 a.m. EDT",430,0,1262,564,0,2322,0,2452
NE,"5/16/2020 3 a.m. EDT",429,0,1188,571,0,2061,0,2448
NE,"5/16/2020 4 a.m. EDT",484,0,971,581,0,1961,0,2474
NE,"5/16/2020 5 a.m. EDT",597,0,945,586,0,2274,0,2486
NE,"5/16/2020 6 a.m. EDT",629,0,939,567,0,2342,0,2468
NE,"5/16/2020 7 a.m. EDT",622,12,1014,556,0,2086,0,2466
NE,"5/16/2020 8 a.m. EDT",654,44,1094,570,0,1965,0,2481
NE,"5/16/2020 9 a.m. EDT",635,94,1162,580,0,2168,0,2481
NE,"5/16/2020 10 a.m. EDT",598,130,1321,583,0,2345,0,2463
NE,"5/16/2020 11 a.m. EDT",560,155,1310,560,0,2440,0,2456
NE,"5/16/2020 12 p.m. EDT",444,180,1272,547,0,2582,0,2464
NE,"5/16/2020 1 p.m. EDT",353,190,1216,570,0,2926,0,2481
NE,"5/16/2020 2 p.m. EDT",251,192,1230,566,0,2774,0,2473
NE,"5/16/2020 3 p.m. EDT",176,186,1217,566,0,2679,0,2472
NE,"5/16/2020 4 p.m. EDT",137,171,1187,570,0,2740,0,2461
NE,"5/16/2020 5 p.m. EDT",90,140,1207,588,40,3020,0,2489
NE,"5/16/2020 6 p.m. EDT",79,90,1605,622,6,3256,0,2479
NE,"5/16/2020 7 p.m. EDT",68,34,1942,644,0,3460,0,2489
NE,"5/16/2020 8 p.m. EDT",70,7,1918,647,0,3751,0,2471
NE,"5/16/2020 9 p.m. EDT",119,0,1855,652,0,3704,0,2465
NE,"5/16/2020 10 p.m. EDT",196,0,1736,649,22,3420,0,2447
NE,"5/16/2020 11 p.m. EDT",207,0,1379,651,0,3295,0,2464
NE,"5/17/2020 12 a.m. EDT",234,0,1176,656,0,3066,0,2467
NE,"5/17/2020 1 a.m. EDT",303,0,1090,667,0,2424,0,2482
NE,"5/17/2020 2 a.m. EDT",347,0,1083,664,0,2171,0,2465
NE,"5/17/2020 3 a.m. EDT",310,0,1089,658,0,2145,0,2456
NE,"5/17/2020 4 a.m. EDT",329,0,1080,655,0,1868,0,2470
NE,"5/17/2020 5 a.m. EDT",314,0,1083,661,0,1845,0,2465
NE,"5/17/2020 6 a.m. EDT",307,0,1070,659,0,1874,0,2479
NE,"5/17/2020 7 a.m. EDT",240,8,1076,660,0,2069,0,2486
NE,"5/17/2020 8 a.m. EDT",133,34,1193,672,0,2348,0,2496
NE,"5/17/2020 9 a.m. EDT",69,68,1305,677,0,2873,0,2505
NE,"5/17/2020 10 a.m. EDT",38,108,1336,661,0,2768,0,2475
NE,"5/17/2020 11 a.m. EDT",81,158,1326,662,0,2607,0,2472
NE,"5/17/2020 12 p.m. EDT",158,171,1296,663,0,2487,0,2477
NE,"5/17/2020 1 p.m. EDT",206,180,1259,654,0,2291,0,2468
NE,"5/17/2020 2 p.m. EDT",218,170,1240,653,0,2280,0,2479
NE,"5/17/2020 3 p.m. EDT",207,158,1244,653,0,2451,0,2471
NE,"5/17/2020 4 p.m. EDT",230,147,1281,657,15,2524,0,2476
NE,"5/17/2020 5 p.m. EDT",237,115,1255,665,116,2805,0,2476
NE,"5/17/2020 6 p.m. EDT",264,79,1457,660,114,3138,0,2492
NE,"5/17/2020 7 p.m. EDT",273,34,1727,652,40,3412,0,2483
NE,"5/17/2020 8 p.m. EDT",239,9,1864,636,0,3562,0,2491
NE,"5/17/2020 9 p.m. EDT",271,0,2050,632,0,3646,0,2479
NE,"5/17/2020 10 p.m. EDT",306,0,1752,609,0,3332,0,2441
NE,"5/17/2020 11 p.m. EDT",293,0,1258,597,0,2632,0,2444
NE,"5/18/2020 12 a.m. EDT",220,0,1136,607,0,2593,0,2476
NE,"5/18/2020 1 a.m. EDT",168,0,1095,581,0,2189,0,2451
NE,"5/18/2020 2 a.m. EDT",160,0,1075,586,0,1747,0,2469
NE,"5/18/2020 3 a.m. EDT",139,0,1062,582,0,1704,0,2477
NE,"5/18/2020 4 a.m. EDT",143,0,1062,581,0,1708,0,2479
NE,"5/18/2020 5 a.m. EDT",109,0,1080,589,0,2124,0,2520
NE,"5/18/2020 6 a.m. EDT",81,0,1071,594,0,2553,0,2500
NE,"5/18/2020 7 a.m. EDT",67,4,1228,598,0,3052,3,2519
NE,"5/18/2020 8 a.m. EDT",37,19,1291,590,0,4164,11,2498
NE,"5/18/2020 9 a.m. EDT",26,33,1540,581,0,4522,8,2490
NE,"5/18/2020 10 a.m. EDT",49,59,1741,578,125,4436,9,2482
NE,"5/18/2020 11 a.m. EDT",55,82,1788,569,10,4334,9,2461
NE,"5/18/2020 12 p.m. EDT",75,113,1637,571,0,4241,3,2468
NE,"5/18/2020 1 p.m. EDT",75,117,1601,585,14,4136,3,2479
NE,"5/18/2020 2 p.m. EDT",77,102,1678,582,14,4097,8,2466
NE,"5/18/2020 3 p.m. EDT",81,98,1615,583,9,3999,8,2462
NE,"5/18/2020 4 p.m. EDT",64,89,1488,572,1,3952,7,2475
NE,"5/18/2020 5 p.m. EDT",53,81,1361,575,0,4178,0,2489
NE,"5/18/2020 6 p.m. EDT",83,66,1480,577,21,4437,0,2494
NE,"5/18/2020 7 p.m. EDT",138,39,1727,578,56,4507,0,2487
NE,"5/18/2020 8 p.m. EDT",167,13,1767,576,0,4586,0,2476
NE,"5/18/2020 9 p.m. EDT",262,0,1795,572,0,4478,3,2477
NE,"5/18/2020 10 p.m. EDT",349,0,1666,568,0,4138,3,2433
NE,"5/18/2020 11 p.m. EDT",342,0,1268,568,0,3565,4,2441
NE,"5/19/2020 12 a.m. EDT",377,0,1176,572,0,3128,2,2462
NE,"5/19/2020 1 a.m. EDT",484,0,948,576,0,2500,1,2471
NE,"5/19/2020 2 a.m. EDT",509,0,932,573,0,2346,0,2458
NE,"5/19/2020 3 a.m. EDT",503,0,939,577,0,2097,0,2480
NE,"5/19/2020 4 a.m. EDT",537,0,947,589,0,2214,0,2501
NE,"5/19/2020 5 a.m. EDT",554,0,939,588,0,2277,0,2488
NE,"5/19/2020 6 a.m. EDT",576,1,991,593,0,2738,0,2501
NE,"5/19/2020 7 a.m. EDT",518,14,1102,594,0,3147,0,2502
NE,"5/19/2020 8 a.m. EDT",344,60,1271,599,0,3107,0,2480
NE,"5/19/2020 9 a.m. EDT",295,126,1280,585,0,3123,1,2482
NE,"5/19/2020 10 a.m. EDT",274,185,1195,582,0,2960,1,2462
NE,"5/19/2020 11 a.m. EDT",261,212,1048,585,0,2935,0,2476
NE,"5/19/2020 12 p.m. EDT",239,215,1025,592,0,2898,0,2483
NE,"5/19/2020 1 p.m. EDT",232,211,988,593,0,2914,0,2470
NE,"5/19/2020 2 p.m. EDT",216,206,978,603,0,2941,0,2481
NE,"5/19/2020 3 p.m. EDT",205,198,976,601,0,2871,0,2466
NE,"5/19/2020 4 p.m. EDT",182,194,979,631,0,2868,1,2469
NE,"5/19/2020 5 p.m. EDT",165,158,1103,640,0,3080,0,2515
NE,"5/19/2020 6 p.m. EDT",151,96,1364,626,0,3718,0,2501
NE,"5/19/2020 7 p.m. EDT",123,42,1747,599,0,4127,0,2498
NE,"5/19/2020 8 p.m. EDT",103,11,1905,590,35,4105,0,2473
NE,"5/19/2020 9 p.m. EDT",111,0,1939,603,69,4090,0,2471
NE,"5/19/2020 10 p.m. EDT",148,0,1724,611,0,3767,0,2458
NE,"5/19/2020 11 p.m. EDT",134,0,1174,602,0,3409,0,2456
NE,"5/20/2020 12 a.m. EDT",149,0,1067,602,0,2833,0,2462
NE,"5/20/2020 1 a.m. EDT",101,0,1007,593,0,2354,0,2449
NE,"5/20/2020 2 a.m. EDT",84,0,947,583,0,2213,0,2483
NE,"5/20/2020 3 a.m. EDT",91,0,886,590,0,2370,0,2487
NE,"5/20/2020 4 a.m. EDT",81,0,893,592,0,2232,0,2474
NE,"5/20/2020 5 a.m. EDT",76,0,900,584,0,2476,0,2491
NE,"5/20/2020 6 a.m. EDT",78,1,898,572,0,2890,0,2488
NE,"5/20/2020 7 a.m. EDT",64,15,1149,566,0,3127,0,2511
NE,"5/20/2020 8 a.m. EDT",39,61,1270,566,0,3420,0,2484
NE,"5/20/2020 9 a.m. EDT",28,123,1147,564,0,3607,1,2477
NE,"5/20/2020 10 a.m. EDT",31,175,1162,558,0,3649,0,2468
NE,"5/20/2020 11 a.m. EDT",35,202,1095,541,0,3462,2,2475
NE,"5/20/2020 12 p.m. EDT",32,212,1103,545,0,3684,1,2512
NE,"5/20/2020 1 p.m. EDT",26,213,1088,547,0,3987,2,2492
NE,"5/20/2020 2 p.m. EDT",31,215,1068,538,0,4062,0,2472
NE,"5/20/2020 3 p.m. EDT",35,215,1073,542,0,3965,0,2481
NE,"5/20/2020 4 p.m. EDT",39,202,1087,536,0,3894,0,2482
NE,"5/20/2020 5 p.m. EDT",43,164,1129,545,3,4267,0,2501
NE,"5/20/2020 6 p.m. EDT",64,105,1373,546,29,4558,0,2494
NE,"5/20/2020 7 p.m. EDT",112,40,1539,517,10,4920,0,2484
NE,"5/20/2020 8 p.m. EDT",180,7,1620,484,0,4994,0,2476
NE,"5/20/2020 9 p.m. EDT",277,0,1616,478,0,4923,0,2478
NE,"5/20/2020 10 p.m. EDT",359,0,1521,481,0,4301,0,2441
NE,"5/20/2020 11 p.m. EDT",416,0,1242,478,0,3550,0,2443
NE,"5/21/2020 12 a.m. EDT",384,0,1107,463,0,3099,0,2444
NE,"5/21/2020 1 a.m. EDT",388,0,911,463,0,2550,0,2475
NE,"5/21/2020 2 a.m. EDT",359,0,876,478,0,2461,0,2474
NE,"5/21/2020 3 a.m. EDT",411,0,878,498,0,2541,0,2490
NE,"5/21/2020 4 a.m. EDT",511,0,846,500,0,2500,0,2484
NE,"5/21/2020 5 a.m. EDT",523,0,843,508,0,2506,0,2490
NE,"5/21/2020 6 a.m. EDT",552,0,884,524,0,2706,0,2517
NE,"5/21/2020 7 a.m. EDT",515,14,1133,503,0,3039,0,2510
NE,"5/21/2020 8 a.m. EDT",397,62,1519,509,0,3032,0,2484
NE,"5/21/2020 9 a.m. EDT",253,130,1275,515,1,3384,0,2472
NE,"5/21/2020 10 a.m. EDT",185,179,1198,510,1,3300,0,2466
NE,"5/21/2020 11 a.m. EDT",192,208,1068,553,0,3464,0,2475
NE,"5/21/2020 12 p.m. EDT",279,213,1034,590,0,3496,0,2489
NE,"5/21/2020 1 p.m. EDT",320,217,1061,615,0,3555,0,2508
NE,"5/21/2020 2 p.m. EDT",365,214,1085,608,0,3365,0,2505
NE,"5/21/2020 3 p.m. EDT",428,200,1055,599,0,3318,0,2472
NE,"5/21/2020 4 p.m. EDT",485,202,1007,609,0,3351,0,2487
NE,"5/21/2020 5 p.m. EDT",519,162,964,615,0,3420,0,2471
NE,"5/21/2020 6 p.m. EDT",598,102,1083,625,0,3954,0,2499
NE,"5/21/2020 7 p.m. EDT",602,38,1400,604,0,4314,0,2498
NE,"5/21/2020 8 p.m. EDT",547,7,1583,600,0,4263,0,2475
NE,"5/21/2020 9 p.m. EDT",603,0,1425,608,0,4361,0,2480
NE,"5/21/2020 10 p.m. EDT",655,0,1327,614,0,4006,0,2447
NE,"5/21/2020 11 p.m. EDT",654,0,1033,638,0,3356,0,2445
NE,"5/22/2020 12 a.m. EDT",665,0,905,638,0,2786,0,2455
NE,"5/22/2020 1 a.m. EDT",668,0,830,662,2,2566,0,2500
NE,"5/22/2020 2 a.m. EDT",726,0,836,644,3,2262,0,2474
NE,"5/22/2020 3 a.m. EDT",791,0,811,638,0,2219,0,2476
NE,"5/22/2020 4 a.m. EDT",847,0,807,633,0,2040,0,2478
NE,"5/22/2020 5 a.m. EDT",845,0,810,645,0,1953,0,2486
NE,"5/22/2020 6 a.m. EDT",829,1,851,652,0,2312,0,2503
NE,"5/22/2020 7 a.m. EDT",854,12,883,659,0,2986,0,2519
NE,"5/22/2020 8 a.m. EDT",748,56,915,659,0,3482,0,2498
NE,"5/22/2020 9 a.m. EDT",642,120,935,658,0,3609,0,2474
NE,"5/22/2020 10 a.m. EDT",562,174,949,650,0,3676,0,2476
NE,"5/22/2020 11 a.m. EDT",481,201,1053,661,0,3591,0,2484
NE,"5/22/2020 12 p.m. EDT",489,200,1212,651,0,3638,0,2494
NE,"5/22/2020 1 p.m. EDT",563,204,1190,662,0,3857,0,2493
NE,"5/22/2020 2 p.m. EDT",576,210,1190,657,0,3902,0,2486
NE,"5/22/2020 3 p.m. EDT",619,211,1125,665,0,4013,0,2484
NE,"5/22/2020 4 p.m. EDT",639,194,1015,663,0,3970,0,2482
NE,"5/22/2020 5 p.m. EDT",655,154,1169,659,0,4646,0,2501
NE,"5/22/2020 6 p.m. EDT",638,94,1372,655,0,5204,0,2489
NE,"5/22/2020 7 p.m. EDT",547,36,1662,658,0,5235,2,2467
NE,"5/22/2020 8 p.m. EDT",429,7,1598,645,0,5491,4,2478
NE,"5/22/2020 9 p.m. EDT",408,0,1458,645,0,5693,0,2486
NE,"5/22/2020 10 p.m. EDT",413,0,1389,653,0,5280,0,2457
NE,"5/22/2020 11 p.m. EDT",400,0,1067,652,0,4605,0,2450
NE,"5/23/2020 12 a.m. EDT",363,0,1123,668,0,3872,0,2468
NE,"5/23/2020 1 a.m. EDT",344,0,957,645,0,3481,0,2468
NE,"5/23/2020 2 a.m. EDT",377,0,907,632,0,3123,0,2437
NE,"5/23/2020 3 a.m. EDT",364,0,793,647,0,2896,0,2467
NE,"5/23/2020 4 a.m. EDT",371,0,762,649,0,2983,0,2476
NE,"5/23/2020 5 a.m. EDT",428,0,766,650,0,2883,0,2475
NE,"5/23/2020 6 a.m. EDT",442,0,770,633,0,2713,0,2478
NE,"5/23/2020 7 a.m. EDT",380,8,786,629,0,3121,0,2503
NE,"5/23/2020 8 a.m. EDT",306,24,941,636,0,3385,0,2489
NE,"5/23/2020 9 a.m. EDT",230,36,1180,644,0,3472,0,2473
NE,"5/23/2020 10 a.m. EDT",189,60,1176,646,0,3716,0,2494
NE,"5/23/2020 11 a.m. EDT",166,87,1204,640,0,3775,0,2474
NE,"5/23/2020 12 p.m. EDT",168,115,1218,646,0,3820,0,2482
NE,"5/23/2020 1 p.m. EDT",175,102,1245,645,0,3891,0,2477
NE,"5/23/2020 2 p.m. EDT",179,85,1207,640,0,3934,0,2479
NE,"5/23/2020 3 p.m. EDT",191,88,1186,625,0,3997,0,2473
NE,"5/23/2020 4 p.m. EDT",202,98,928,617,0,4087,1,2474
NE,"5/23/2020 5 p.m. EDT",234,80,876,634,0,4529,0,2509
NE,"5/23/2020 6 p.m. EDT",266,55,847,618,5,4773,0,2462
NE,"5/23/2020 7 p.m. EDT",280,30,1017,631,0,4866,0,2494
NE,"5/23/2020 8 p.m. EDT",274,10,1130,627,0,4846,0,2477
NE,"5/23/2020 9 p.m. EDT",282,1,1183,623,0,4839,0,2481
NE,"5/23/2020 10 p.m. EDT",344,0,1146,609,0,4365,0,2434
NE,"5/23/2020 11 p.m. EDT",400,0,890,621,0,3939,0,2466
NE,"5/24/2020 12 a.m. EDT",411,0,792,620,0,3667,0,2463
NE,"5/24/2020 1 a.m. EDT",415,0,762,624,0,3197,0,2471
NE,"5/24/2020 2 a.m. EDT",409,0,732,610,0,2884,0,2452
NE,"5/24/2020 3 a.m. EDT",390,0,718,615,0,2738,0,2472
NE,"5/24/2020 4 a.m. EDT",375,0,699,625,0,2604,1,2465
NE,"5/24/2020 5 a.m. EDT",373,0,702,632,0,2611,0,2484
NE,"5/24/2020 6 a.m. EDT",335,1,699,635,0,2618,0,2475
NE,"5/24/2020 7 a.m. EDT",298,14,707,629,0,2711,0,2473
NE,"5/24/2020 8 a.m. EDT",244,51,797,653,0,2581,0,2498
NE,"5/24/2020 9 a.m. EDT",200,113,858,652,0,2617,0,2488
NE,"5/24/2020 10 a.m. EDT",151,174,865,640,0,2695,1,2477
NE,"5/24/2020 11 a.m. EDT",139,207,861,653,0,2619,0,2468
NE,"5/24/2020 12 p.m. EDT",175,216,841,647,0,2636,0,2484
NE,"5/24/2020 1 p.m. EDT",194,218,864,652,0,2624,1,2477
NE,"5/24/2020 2 p.m. EDT",209,217,832,639,0,2530,0,2476
NE,"5/24/2020 3 p.m. EDT",220,214,822,629,0,2857,0,2500
NE,"5/24/2020 4 p.m. EDT",238,197,825,610,0,3107,0,2496
NE,"5/24/2020 5 p.m. EDT",245,158,836,622,0,3660,0,2492
NE,"5/24/2020 6 p.m. EDT",272,97,919,631,0,4380,0,2491
NE,"5/24/2020 7 p.m. EDT",284,40,1185,622,0,4519,0,2481
NE,"5/24/2020 8 p.m. EDT",338,8,1446,617,0,4418,0,2483
NE,"5/24/2020 9 p.m. EDT",429,0,1294,634,0,4387,0,2476
NE,"5/24/2020 10 p.m. EDT",469,0,1029,657,0,4222,0,2468
NE,"5/24/2020 11 p.m. EDT",431,0,898,654,0,3696,0,2447
NE,"5/25/2020 12 a.m. EDT",450,0,752,649,0,2897,0,2434
NE,"5/25/2020 1 a.m. EDT",499,0,706,657,0,2510,0,2466
NE,"5/25/2020 2 a.m. EDT",464,0,680,658,0,2449,0,2462
NE,"5/25/2020 3 a.m. EDT",472,0,673,661,0,2174,0,2448
NE,"5/25/2020 4 a.m. EDT",481,0,676,655,0,2022,0,2472
NE,"5/25/2020 5 a.m. EDT",518,0,679,666,0,2279,0,2496
NE,"5/25/2020 6 a.m. EDT",499,0,670,672,0,2383,0,2473
NE,"5/25/2020 7 a.m. EDT",435,10,767,681,0,2441,0,2483
NE,"5/25/2020 8 a.m. EDT",336,21,798,688,0,2936,0,2493
NE,"5/25/2020 9 a.m. EDT",280,47,821,683,0,3462,0,2485
NE,"5/25/2020 10 a.m. EDT",278,65,945,686,0,3445,0,2474
NE,"5/25/2020 11 a.m. EDT",284,82,1050,708,0,3722,0,2480
NE,"5/25/2020 12 p.m. EDT",311,106,963,710,0,3740,0,2475
NE,"5/25/2020 1 p.m. EDT",325,122,982,718,0,3762,0,2474
NE,"5/25/2020 2 p.m. EDT",359,146,853,727,0,3560,0,2472
NE,"5/25/2020 3 p.m. EDT",413,142,844,747,0,3407,0,2490
NE,"5/25/2020 4 p.m. EDT",458,121,842,734,0,3451,0,2484
NE,"5/25/2020 5 p.m. EDT",503,89,977,734,0,3955,0,2498
NE,"5/25/2020 6 p.m. EDT",473,55,1428,730,0,4507,0,2489
NE,"5/25/2020 7 p.m. EDT",447,27,1529,732,0,4801,0,2476
NE,"5/25/2020 8 p.m. EDT",422,9,1514,730,0,4836,0,2481
NE,"5/25/2020 9 p.m. EDT",411,0,1553,738,0,4792,0,2471
NE,"5/25/2020 10 p.m. EDT",424,0,1460,742,0,4346,0,2463
NE,"5/25/2020 11 p.m. EDT",412,0,1144,730,0,3872,0,2457
NE,"5/26/2020 12 a.m. EDT",337,0,890,729,0,3136,0,2438
NE,"5/26/2020 1 a.m. EDT",338,0,645,739,0,2211,0,2474
NE,"5/26/2020 2 a.m. EDT",291,0,634,746,0,2274,0,2493
NE,"5/26/2020 3 a.m. EDT",276,0,623,731,0,2560,0,2480
NE,"5/26/2020 4 a.m. EDT",259,0,624,730,0,2691,0,2481
NE,"5/26/2020 5 a.m. EDT",229,0,628,712,0,2781,0,2482
NE,"5/26/2020 6 a.m. EDT",187,0,648,704,0,3121,0,2487
NE,"5/26/2020 7 a.m. EDT",157,10,700,695,0,3876,0,2502
NE,"5/26/2020 8 a.m. EDT",105,34,760,684,0,4757,0,2497
NE,"5/26/2020 9 a.m. EDT",50,69,752,670,0,5468,0,2484
NE,"5/26/2020 10 a.m. EDT",20,129,754,659,2,5050,0,2467
NE,"5/26/2020 11 a.m. EDT",21,175,796,659,16,5057,0,2489
NE,"5/26/2020 12 p.m. EDT",39,197,767,650,10,5435,0,2492
NE,"5/26/2020 1 p.m. EDT",59,206,771,642,1,5757,0,2490
NE,"5/26/2020 2 p.m. EDT",101,196,900,648,0,6180,0,2493
NE,"5/26/2020 3 p.m. EDT",131,182,1040,652,0,6383,0,2478
NE,"5/26/2020 4 p.m. EDT",144,170,1036,661,0,6628,0,2481
NE,"5/26/2020 5 p.m. EDT",159,146,1271,667,0,6751,0,2489
NE,"5/26/2020 6 p.m. EDT",202,92,1794,664,0,6912,1,2485
NE,"5/26/2020 7 p.m. EDT",225,37,1712,659,11,7035,2,2461
NE,"5/26/2020 8 p.m. EDT",235,7,1578,665,6,6942,0,2476
NE,"5/26/2020 9 p.m. EDT",272,0,1491,663,0,6657,0,2478
NE,"5/26/2020 10 p.m. EDT",290,0,1626,650,0,6017,0,2455
NE,"5/26/2020 11 p.m. EDT",301,0,1444,652,0,4956,0,2449
NE,"5/27/2020 12 a.m. EDT",290,0,1233,661,7,4436,0,2469
NE,"5/27/2020 1 a.m. EDT",277,0,868,656,13,3923,0,2454
NE,"5/27/2020 2 a.m. EDT",279,0,665,658,4,3775,0,2474
NE,"5/27/2020 3 a.m. EDT",251,0,580,655,0,3654,0,2465
NE,"5/27/2020 4 a.m. EDT",191,0,572,657,0,3534,0,2474
NE,"5/27/2020 5 a.m. EDT",126,0,581,665,0,3901,0,2495
NE,"5/27/2020 6 a.m. EDT",76,1,597,661,0,4071,0,2489
NE,"5/27/2020 7 a.m. EDT",62,13,745,667,0,4757,0,2494
NE,"5/27/2020 8 a.m. EDT",33,45,848,673,0,5164,0,2484
NE,"5/27/2020 9 a.m. EDT",16,98,784,680,1,5719,0,2495
NE,"5/27/2020 10 a.m. EDT",9,159,754,673,1,5995,0,2487
NE,"5/27/2020 11 a.m. EDT",13,202,692,672,2,6441,0,2491
NE,"5/27/2020 12 p.m. EDT",36,212,667,662,4,6818,0,2474
NE,"5/27/2020 1 p.m. EDT",65,216,694,668,1,6853,0,2479
NE,"5/27/2020 2 p.m. EDT",110,217,840,671,1,7088,1,2486
NE,"5/27/2020 3 p.m. EDT",184,210,787,683,1,7313,7,2506
NE,"5/27/2020 4 p.m. EDT",235,168,1658,677,417,8697,7,2495
NE,"5/27/2020 5 p.m. EDT",301,150,1812,676,527,9290,9,2494
NE,"5/27/2020 6 p.m. EDT",282,87,1863,670,485,9101,9,2463
NE,"5/27/2020 7 p.m. EDT",332,36,1706,667,176,8699,9,2451
NE,"5/27/2020 8 p.m. EDT",276,11,1468,657,0,8192,11,2440
NE,"5/27/2020 9 p.m. EDT",299,0,1054,668,0,8008,11,2472
NE,"5/27/2020 10 p.m. EDT",320,0,745,640,0,7303,2,2400
NE,"5/27/2020 11 p.m. EDT",391,0,646,652,0,6104,0,2461
NE,"5/28/2020 12 a.m. EDT",420,0,646,652,0,5062,0,2459
NE,"5/28/2020 1 a.m. EDT",437,0,683,663,0,4537,2,2471
NE,"5/28/2020 2 a.m. EDT",404,0,648,660,0,4342,0,2465
NE,"5/28/2020 3 a.m. EDT",362,0,596,663,0,4292,0,2476
NE,"5/28/2020 4 a.m. EDT",351,0,583,665,0,3983,0,2477
NE,"5/28/2020 5 a.m. EDT",363,0,584,674,0,4295,0,2502
NE,"5/28/2020 6 a.m. EDT",348,1,584,668,0,4704,0,2480
NE,"5/28/2020 7 a.m. EDT",339,10,583,682,1,5535,0,2500
NE,"5/28/2020 8 a.m. EDT",297,29,675,668,7,6264,0,2482
NE,"5/28/2020 9 a.m. EDT",214,44,670,667,21,6679,0,2471
NE,"5/28/2020 10 a.m. EDT",155,56,704,663,34,6819,4,2477
NE,"5/28/2020 11 a.m. EDT",120,68,795,669,49,7005,7,2479
NE,"5/28/2020 12 p.m. EDT",122,91,694,671,79,7188,11,2476
NE,"5/28/2020 1 p.m. EDT",137,103,800,669,120,7633,11,2480
NE,"5/28/2020 2 p.m. EDT",178,116,767,663,197,7608,14,2474
NE,"5/28/2020 3 p.m. EDT",229,116,845,641,328,7765,22,2489
NE,"5/28/2020 4 p.m. EDT",287,86,874,633,425,7443,26,2473
NE,"5/28/2020 5 p.m. EDT",359,64,842,629,420,7484,37,2476
NE,"5/28/2020 6 p.m. EDT",400,45,1010,588,394,7729,32,2474
NE,"5/28/2020 7 p.m. EDT",443,18,1075,593,253,7716,32,2475
NE,"5/28/2020 8 p.m. EDT",497,4,1071,582,154,7758,32,2466
NE,"5/28/2020 9 p.m. EDT",547,0,893,575,92,7511,27,2464
NE,"5/28/2020 10 p.m. EDT",625,0,717,578,9,7056,24,2464
NE,"5/28/2020 11 p.m. EDT",660,0,547,574,0,6050,4,2456
NE,"5/29/2020 12 a.m. EDT",695,0,540,574,0,5359,0,2464
NE,"5/29/2020 1 a.m. EDT",723,0,484,573,0,4873,0,2483
NE,"5/29/2020 2 a.m. EDT",725,0,477,576,0,5408,0,2476
NE,"5/29/2020 3 a.m. EDT",697,0,482,577,0,5123,0,2461
NE,"5/29/2020 4 a.m. EDT",711,0,482,582,0,4991,0,2470
NE,"5/29/2020 5 a.m. EDT",676,0,488,592,0,5105,0,2479
NE,"5/29/2020 6 a.m. EDT",652,1,490,595,0,5337,0,2477
NE,"5/29/2020 7 a.m. EDT",611,9,532,599,0,5408,0,2486
NE,"5/29/2020 8 a.m. EDT",548,30,735,605,0,5804,0,2489
NE,"5/29/2020 9 a.m. EDT",481,41,606,607,0,6620,0,2477
NE,"5/29/2020 10 a.m. EDT",422,55,703,612,3,7239,0,2429
NE,"5/29/2020 11 a.m. EDT",408,80,792,607,35,7688,1,2417
NE,"5/29/2020 12 p.m. EDT",370,88,769,603,59,7752,6,2444
NE,"5/29/2020 1 p.m. EDT",358,104,719,608,77,8130,7,2485
NE,"5/29/2020 2 p.m. EDT",417,122,830,607,99,8367,29,2481
NE,"5/29/2020 3 p.m. EDT",428,114,1336,606,97,9019,28,1446
NE,"5/29/2020 4 p.m. EDT",494,91,1366,602,98,9207,35,1223
NE,"5/29/2020 5 p.m. EDT",525,82,1357,605,98,9227,32,1226
NE,"5/29/2020 6 p.m. EDT",572,44,1530,605,98,9371,32,1230
NE,"5/29/2020 7 p.m. EDT",562,19,1623,605,98,9347,31,1224
NE,"5/29/2020 8 p.m. EDT",590,3,1322,602,98,9263,31,1221
NE,"5/29/2020 9 p.m. EDT",627,0,1487,615,108,9135,32,1238
NE,"5/29/2020 10 p.m. EDT",654,0,1815,604,249,8989,27,1218
NE,"5/29/2020 11 p.m. EDT",687,0,1514,589,154,8160,2,1209
NE,"5/30/2020 12 a.m. EDT",461,0,1352,593,92,7573,0,1213
NE,"5/30/2020 1 a.m. EDT",391,0,1373,599,85,6523,0,1193
NE,"5/30/2020 2 a.m. EDT",420,0,954,609,528,5770,0,1205
NE,"5/30/2020 3 a.m. EDT",454,0,761,611,292,5965,0,1219
NE,"5/30/2020 4 a.m. EDT",509,0,647,615,19,6301,0,1227
NE,"5/30/2020 5 a.m. EDT",505,0,615,610,0,6365,0,1237
NE,"5/30/2020 6 a.m. EDT",559,0,597,607,0,6523,0,1236
NE,"5/30/2020 7 a.m. EDT",622,10,631,595,0,6558,0,1241
NE,"5/30/2020 8 a.m. EDT",637,36,715,593,0,6753,0,1234
NE,"5/30/2020 9 a.m. EDT",629,80,813,592,6,6770,0,1219
NE,"5/30/2020 10 a.m. EDT",660,142,838,594,12,6852,0,1230
NE,"5/30/2020 11 a.m. EDT",726,181,761,614,21,7136,0,1236
NE,"5/30/2020 12 p.m. EDT",726,183,718,616,4,7340,0,1216
NE,"5/30/2020 1 p.m. EDT",671,197,799,644,0,7062,0,1221
NE,"5/30/2020 2 p.m. EDT",624,193,806,652,0,6389,0,1222
NE,"5/30/2020 3 p.m. EDT",592,202,822,653,0,6665,0,1235
NE,"5/30/2020 4 p.m. EDT",517,195,836,660,0,6879,0,1231
NE,"5/30/2020 5 p.m. EDT",422,156,959,662,0,7549,0,1231
NE,"5/30/2020 6 p.m. EDT",335,97,1017,673,0,8549,0,1235
NE,"5/30/2020 7 p.m. EDT",232,38,1098,662,0,9143,0,1226
NE,"5/30/2020 8 p.m. EDT",157,9,1140,654,0,8969,0,1220
NE,"5/30/2020 9 p.m. EDT",206,1,1083,656,0,8724,0,1226
NE,"5/30/2020 10 p.m. EDT",267,0,873,652,0,8391,0,1213
NE,"5/30/2020 11 p.m. EDT",287,0,797,646,0,7243,0,1211
NE,"5/31/2020 12 a.m. EDT",341,0,744,624,0,6297,0,1201
NE,"5/31/2020 1 a.m. EDT",455,0,593,616,0,5415,0,1222
NE,"5/31/2020 2 a.m. EDT",577,0,571,605,0,4670,0,1217
NE,"5/31/2020 3 a.m. EDT",603,0,587,602,0,4601,0,1235
NE,"5/31/2020 4 a.m. EDT",621,0,587,600,0,4501,0,1225
NE,"5/31/2020 5 a.m. EDT",751,0,585,601,0,4145,0,1218
NE,"5/31/2020 6 a.m. EDT",734,1,606,604,0,3654,0,1218
NE,"5/31/2020 7 a.m. EDT",797,13,635,617,0,3493,0,1237
NE,"5/31/2020 8 a.m. EDT",871,67,697,616,0,3179,0,1227
NE,"5/31/2020 9 a.m. EDT",884,134,662,620,0,3111,0,1232
NE,"5/31/2020 10 a.m. EDT",895,184,696,626,0,2941,0,1228
NE,"5/31/2020 11 a.m. EDT",906,210,699,637,0,3231,0,1240
NE,"5/31/2020 12 p.m. EDT",873,214,696,639,0,3935,0,1238
NE,"5/31/2020 1 p.m. EDT",863,213,724,637,0,3935,0,1230
NE,"5/31/2020 2 p.m. EDT",874,211,727,630,0,4036,0,1224
NE,"5/31/2020 3 p.m. EDT",872,196,744,634,0,3773,0,1229
NE,"5/31/2020 4 p.m. EDT",886,169,807,650,0,4127,0,1236
NE,"5/31/2020 5 p.m. EDT",906,147,813,650,0,4533,0,1237
NE,"5/31/2020 6 p.m. EDT",917,83,973,644,0,4961,0,1233
NE,"5/31/2020 7 p.m. EDT",875,37,1212,639,0,5106,0,1228
NE,"5/31/2020 8 p.m. EDT",760,9,1084,638,0,5248,0,1226
NE,"5/31/2020 9 p.m. EDT",670,1,1048,643,0,5365,0,1232
NE,"5/31/2020 10 p.m. EDT",636,0,898,639,0,5092,0,1214
NE,"5/31/2020 11 p.m. EDT",573,0,830,631,0,4260,0,1212
NE,"6/1/2020 12 a.m. EDT",538,0,709,640,0,3796,0,1225
